{"point":{"x":34.24345406891134,"y":35.41258955276299,"z":32.767693648304984},"calls":125}